<?xml version="1.0" encoding="UTF-8"?>
<GenRun Id="impl_1" LaunchPart="xc7z020clg400-1" LaunchTime="1651991590">
  <File Type="BITSTR-BMM" Name="sdrpi_gpsdo_ether_socket_eeprom_demo_bd.bmm"/>
  <File Type="OPT-METHODOLOGY-DRC" Name="sdrpi_gpsdo_ether_socket_eeprom_demo_methodology_drc_opted.rpt"/>
  <File Type="INIT-TIMING" Name="sdrpi_gpsdo_ether_socket_eeprom_demo_timing_summary_init.rpt"/>
  <File Type="ROUTE-PWR" Name="sdrpi_gpsdo_ether_socket_eeprom_demo_power_routed.rpt"/>
  <File Type="PA-TCL" Name="sdrpi_gpsdo_ether_socket_eeprom_demo.tcl"/>
  <File Type="OPT-TIMING" Name="sdrpi_gpsdo_ether_socket_eeprom_demo_timing_summary_opted.rpt"/>
  <File Type="OPT-DCP" Name="sdrpi_gpsdo_ether_socket_eeprom_demo_opt.dcp"/>
  <File Type="ROUTE-PWR-SUM" Name="sdrpi_gpsdo_ether_socket_eeprom_demo_power_summary_routed.pb"/>
  <File Type="REPORTS-TCL" Name="sdrpi_gpsdo_ether_socket_eeprom_demo_reports.tcl"/>
  <File Type="OPT-DRC" Name="sdrpi_gpsdo_ether_socket_eeprom_demo_drc_opted.rpt"/>
  <File Type="OPT-HWDEF" Name="sdrpi_gpsdo_ether_socket_eeprom_demo.hwdef"/>
  <File Type="PWROPT-DCP" Name="sdrpi_gpsdo_ether_socket_eeprom_demo_pwropt.dcp"/>
  <File Type="PWROPT-DRC" Name="sdrpi_gpsdo_ether_socket_eeprom_demo_drc_pwropted.rpt"/>
  <File Type="PWROPT-TIMING" Name="sdrpi_gpsdo_ether_socket_eeprom_demo_timing_summary_pwropted.rpt"/>
  <File Type="PLACE-DCP" Name="sdrpi_gpsdo_ether_socket_eeprom_demo_placed.dcp"/>
  <File Type="PLACE-IO" Name="sdrpi_gpsdo_ether_socket_eeprom_demo_io_placed.rpt"/>
  <File Type="PLACE-CLK" Name="sdrpi_gpsdo_ether_socket_eeprom_demo_clock_utilization_placed.rpt"/>
  <File Type="PLACE-UTIL" Name="sdrpi_gpsdo_ether_socket_eeprom_demo_utilization_placed.rpt"/>
  <File Type="PLACE-UTIL-PB" Name="sdrpi_gpsdo_ether_socket_eeprom_demo_utilization_placed.pb"/>
  <File Type="PLACE-CTRL" Name="sdrpi_gpsdo_ether_socket_eeprom_demo_control_sets_placed.rpt"/>
  <File Type="PLACE-SIMILARITY" Name="sdrpi_gpsdo_ether_socket_eeprom_demo_incremental_reuse_placed.rpt"/>
  <File Type="PLACE-PRE-SIMILARITY" Name="sdrpi_gpsdo_ether_socket_eeprom_demo_incremental_reuse_pre_placed.rpt"/>
  <File Type="BG-BGN" Name="sdrpi_gpsdo_ether_socket_eeprom_demo.bgn"/>
  <File Type="PLACE-TIMING" Name="sdrpi_gpsdo_ether_socket_eeprom_demo_timing_summary_placed.rpt"/>
  <File Type="POSTPLACE-PWROPT-DCP" Name="sdrpi_gpsdo_ether_socket_eeprom_demo_postplace_pwropt.dcp"/>
  <File Type="BG-BIN" Name="sdrpi_gpsdo_ether_socket_eeprom_demo.bin"/>
  <File Type="POSTPLACE-PWROPT-TIMING" Name="sdrpi_gpsdo_ether_socket_eeprom_demo_timing_summary_postplace_pwropted.rpt"/>
  <File Type="PHYSOPT-DCP" Name="sdrpi_gpsdo_ether_socket_eeprom_demo_physopt.dcp"/>
  <File Type="PHYSOPT-DRC" Name="sdrpi_gpsdo_ether_socket_eeprom_demo_drc_physopted.rpt"/>
  <File Type="BITSTR-MSK" Name="sdrpi_gpsdo_ether_socket_eeprom_demo.msk"/>
  <File Type="PHYSOPT-TIMING" Name="sdrpi_gpsdo_ether_socket_eeprom_demo_timing_summary_physopted.rpt"/>
  <File Type="ROUTE-ERROR-DCP" Name="sdrpi_gpsdo_ether_socket_eeprom_demo_routed_error.dcp"/>
  <File Type="ROUTE-DCP" Name="sdrpi_gpsdo_ether_socket_eeprom_demo_routed.dcp"/>
  <File Type="ROUTE-BLACKBOX-DCP" Name="sdrpi_gpsdo_ether_socket_eeprom_demo_routed_bb.dcp"/>
  <File Type="ROUTE-DRC" Name="sdrpi_gpsdo_ether_socket_eeprom_demo_drc_routed.rpt"/>
  <File Type="ROUTE-DRC-PB" Name="sdrpi_gpsdo_ether_socket_eeprom_demo_drc_routed.pb"/>
  <File Type="BITSTR-LTX" Name="debug_nets.ltx"/>
  <File Type="BITSTR-LTX" Name="sdrpi_gpsdo_ether_socket_eeprom_demo.ltx"/>
  <File Type="ROUTE-DRC-RPX" Name="sdrpi_gpsdo_ether_socket_eeprom_demo_drc_routed.rpx"/>
  <File Type="BITSTR-MMI" Name="sdrpi_gpsdo_ether_socket_eeprom_demo.mmi"/>
  <File Type="ROUTE-METHODOLOGY-DRC" Name="sdrpi_gpsdo_ether_socket_eeprom_demo_methodology_drc_routed.rpt"/>
  <File Type="ROUTE-METHODOLOGY-DRC-RPX" Name="sdrpi_gpsdo_ether_socket_eeprom_demo_methodology_drc_routed.rpx"/>
  <File Type="BITSTR-SYSDEF" Name="sdrpi_gpsdo_ether_socket_eeprom_demo.sysdef"/>
  <File Type="ROUTE-METHODOLOGY-DRC-PB" Name="sdrpi_gpsdo_ether_socket_eeprom_demo_methodology_drc_routed.pb"/>
  <File Type="ROUTE-PWR-RPX" Name="sdrpi_gpsdo_ether_socket_eeprom_demo_power_routed.rpx"/>
  <File Type="ROUTE-STATUS" Name="sdrpi_gpsdo_ether_socket_eeprom_demo_route_status.rpt"/>
  <File Type="ROUTE-STATUS-PB" Name="sdrpi_gpsdo_ether_socket_eeprom_demo_route_status.pb"/>
  <File Type="ROUTE-TIMINGSUMMARY" Name="sdrpi_gpsdo_ether_socket_eeprom_demo_timing_summary_routed.rpt"/>
  <File Type="ROUTE-TIMING-PB" Name="sdrpi_gpsdo_ether_socket_eeprom_demo_timing_summary_routed.pb"/>
  <File Type="ROUTE-TIMING-RPX" Name="sdrpi_gpsdo_ether_socket_eeprom_demo_timing_summary_routed.rpx"/>
  <File Type="ROUTE-SIMILARITY" Name="sdrpi_gpsdo_ether_socket_eeprom_demo_incremental_reuse_routed.rpt"/>
  <File Type="ROUTE-CLK" Name="sdrpi_gpsdo_ether_socket_eeprom_demo_clock_utilization_routed.rpt"/>
  <File Type="ROUTE-BUS-SKEW" Name="sdrpi_gpsdo_ether_socket_eeprom_demo_bus_skew_routed.rpt"/>
  <File Type="ROUTE-BUS-SKEW-PB" Name="sdrpi_gpsdo_ether_socket_eeprom_demo_bus_skew_routed.pb"/>
  <File Type="ROUTE-BUS-SKEW-RPX" Name="sdrpi_gpsdo_ether_socket_eeprom_demo_bus_skew_routed.rpx"/>
  <File Type="POSTROUTE-PHYSOPT-DCP" Name="sdrpi_gpsdo_ether_socket_eeprom_demo_postroute_physopt.dcp"/>
  <File Type="POSTROUTE-PHYSOPT-BLACKBOX-DCP" Name="sdrpi_gpsdo_ether_socket_eeprom_demo_postroute_physopt_bb.dcp"/>
  <File Type="POSTROUTE-PHYSOPT-TIMING" Name="sdrpi_gpsdo_ether_socket_eeprom_demo_timing_summary_postroute_physopted.rpt"/>
  <File Type="POSTROUTE-PHYSOPT-TIMING-PB" Name="sdrpi_gpsdo_ether_socket_eeprom_demo_timing_summary_postroute_physopted.pb"/>
  <File Type="POSTROUTE-PHYSOPT-TIMING-RPX" Name="sdrpi_gpsdo_ether_socket_eeprom_demo_timing_summary_postroute_physopted.rpx"/>
  <File Type="POSTROUTE-PHYSOPT-BUS-SKEW" Name="sdrpi_gpsdo_ether_socket_eeprom_demo_bus_skew_postroute_physopted.rpt"/>
  <File Type="POSTROUTE-PHYSOPT-BUS-SKEW-PB" Name="sdrpi_gpsdo_ether_socket_eeprom_demo_bus_skew_postroute_physopted.pb"/>
  <File Type="BG-BIT" Name="sdrpi_gpsdo_ether_socket_eeprom_demo.bit"/>
  <File Type="POSTROUTE-PHYSOPT-BUS-SKEW-RPX" Name="sdrpi_gpsdo_ether_socket_eeprom_demo_bus_skew_postroute_physopted.rpx"/>
  <File Type="BITSTR-RBT" Name="sdrpi_gpsdo_ether_socket_eeprom_demo.rbt"/>
  <File Type="BITSTR-NKY" Name="sdrpi_gpsdo_ether_socket_eeprom_demo.nky"/>
  <File Type="BG-DRC" Name="sdrpi_gpsdo_ether_socket_eeprom_demo.drc"/>
  <File Type="RDI-RDI" Name="sdrpi_gpsdo_ether_socket_eeprom_demo.vdi"/>
  <File Type="WBT-USG" Name="usage_statistics_webtalk.html"/>
  <FileSet Name="sources" Type="DesignSrcs" RelSrcDir="$PSRCDIR/sources_1">
    <Filter Type="Srcs"/>
    <File Path="$PPRDIR/../sdrpi_gpsdo_ether_eeprom.dcp">
      <FileInfo>
        <Attr Name="UsedIn" Val="synthesis"/>
        <Attr Name="UsedIn" Val="implementation"/>
      </FileInfo>
    </File>
    <File Path="$PPRDIR/../async_fifo_riffa.v">
      <FileInfo>
        <Attr Name="UsedIn" Val="synthesis"/>
        <Attr Name="UsedIn" Val="implementation"/>
        <Attr Name="UsedIn" Val="simulation"/>
      </FileInfo>
    </File>
    <File Path="$PPRDIR/../cdc.v">
      <FileInfo>
        <Attr Name="UsedIn" Val="synthesis"/>
        <Attr Name="UsedIn" Val="implementation"/>
        <Attr Name="UsedIn" Val="simulation"/>
      </FileInfo>
    </File>
    <File Path="$PPRDIR/../cdc_rx_incoming.v">
      <FileInfo>
        <Attr Name="UsedIn" Val="synthesis"/>
        <Attr Name="UsedIn" Val="implementation"/>
        <Attr Name="UsedIn" Val="simulation"/>
      </FileInfo>
    </File>
    <File Path="$PPRDIR/../clk_wiz_v3_6.v">
      <FileInfo>
        <Attr Name="UsedIn" Val="synthesis"/>
        <Attr Name="UsedIn" Val="implementation"/>
        <Attr Name="UsedIn" Val="simulation"/>
      </FileInfo>
    </File>
    <File Path="$PPRDIR/../por_rst.v">
      <FileInfo>
        <Attr Name="UsedIn" Val="synthesis"/>
        <Attr Name="UsedIn" Val="implementation"/>
        <Attr Name="UsedIn" Val="simulation"/>
      </FileInfo>
    </File>
    <File Path="$PPRDIR/../rcv_socket.v">
      <FileInfo>
        <Attr Name="UsedIn" Val="synthesis"/>
        <Attr Name="UsedIn" Val="implementation"/>
        <Attr Name="UsedIn" Val="simulation"/>
      </FileInfo>
    </File>
    <File Path="$PPRDIR/../regs.v">
      <FileInfo>
        <Attr Name="UsedIn" Val="synthesis"/>
        <Attr Name="UsedIn" Val="implementation"/>
        <Attr Name="UsedIn" Val="simulation"/>
      </FileInfo>
    </File>
    <File Path="$PPRDIR/../sdrpi_gpsdo_socket_eeprom.v">
      <FileInfo>
        <Attr Name="UsedIn" Val="synthesis"/>
        <Attr Name="UsedIn" Val="implementation"/>
        <Attr Name="UsedIn" Val="simulation"/>
      </FileInfo>
    </File>
    <File Path="$PPRDIR/../sdrpi_gpsdo_udp_eeprom.v">
      <FileInfo>
        <Attr Name="UsedIn" Val="synthesis"/>
        <Attr Name="UsedIn" Val="implementation"/>
        <Attr Name="UsedIn" Val="simulation"/>
      </FileInfo>
    </File>
    <File Path="$PPRDIR/../snd_socket.v">
      <FileInfo>
        <Attr Name="UsedIn" Val="synthesis"/>
        <Attr Name="UsedIn" Val="implementation"/>
        <Attr Name="UsedIn" Val="simulation"/>
      </FileInfo>
    </File>
    <File Path="$PPRDIR/../sdrpi_gpsdo_ether_socket_eeprom_demo.v">
      <FileInfo>
        <Attr Name="UsedIn" Val="synthesis"/>
        <Attr Name="UsedIn" Val="implementation"/>
        <Attr Name="UsedIn" Val="simulation"/>
      </FileInfo>
    </File>
    <File Path="$PPRDIR/../generic_fifo_dc_gray.v">
      <FileInfo>
        <Attr Name="AutoDisabled" Val="1"/>
        <Attr Name="UsedIn" Val="synthesis"/>
        <Attr Name="UsedIn" Val="implementation"/>
        <Attr Name="UsedIn" Val="simulation"/>
      </FileInfo>
    </File>
    <Config>
      <Option Name="DesignMode" Val="RTL"/>
      <Option Name="TopModule" Val="sdrpi_gpsdo_ether_socket_eeprom_demo"/>
    </Config>
  </FileSet>
  <FileSet Name="constrs_in" Type="Constrs" RelSrcDir="$PSRCDIR/constrs_1">
    <Filter Type="Constrs"/>
    <File Path="$PPRDIR/../sdrpi_pin.xdc">
      <FileInfo>
        <Attr Name="UsedIn" Val="synthesis"/>
        <Attr Name="UsedIn" Val="implementation"/>
      </FileInfo>
    </File>
    <Config>
      <Option Name="ConstrsType" Val="XDC"/>
    </Config>
  </FileSet>
  <FileSet Name="utils" Type="Utils" RelSrcDir="$PSRCDIR/utils_1">
    <Filter Type="Utils"/>
    <Config>
      <Option Name="TopAutoSet" Val="TRUE"/>
    </Config>
  </FileSet>
  <Strategy Version="1" Minor="2">
    <StratHandle Name="Vivado Implementation Defaults" Flow="Vivado Implementation 2018"/>
    <Step Id="init_design"/>
    <Step Id="opt_design"/>
    <Step Id="power_opt_design"/>
    <Step Id="place_design"/>
    <Step Id="post_place_power_opt_design"/>
    <Step Id="phys_opt_design"/>
    <Step Id="route_design"/>
    <Step Id="post_route_phys_opt_design"/>
    <Step Id="write_bitstream"/>
  </Strategy>
</GenRun>
